f_input,f_out,n
2.2GHz,1.00000e+07,2.20000e+02
2.21GHz,1.00000e+07,2.21000e+02
