vco_freq(Ghz),vctrl_freq(Ghz),divider out freq (Mhz),division ratio,fs_min,fs_max
2.397784702864759,4.799782706580967,10.000031484479551,239.77771535881826,499.9999998803191,50000.0
