process,temp,supply,control,vn,vp
ss,-40,0.9,0.0,7.120383e-01,7.120383e-01
ss,-40,0.9,0.1,7.120383e-01,7.120383e-01
ss,-40,0.9,0.2,7.120383e-01,7.120383e-01
ss,-40,0.9,0.3,7.120383e-01,7.120383e-01
ss,-40,0.9,0.4,7.120383e-01,7.120383e-01
