process,temp,supply,control,gmn (mS),gmp (mS),I_left (mA),I_right (mA),I_tail (mA),nmos_sat_check,pmos_sat_check,tail_sat_check,vn,vp,differential swing,Oscillation Status,freq (GHZ),failed corners
ss,-40,0.9,0.0,2.109243e+00,1.572721e+00,7.554612e-02,7.554612e-02,1.510923e-01,True,True,False,7.120383e-01,7.120383e-01,2.120636e-11,False,-,"ss,-40,1.62"
ss,-40,0.9,0.1,2.109243e+00,1.572721e+00,7.554612e-02,7.554612e-02,1.510923e-01,True,True,False,7.120383e-01,7.120383e-01,1.281486e-11,False,-,
ss,-40,0.9,0.2,2.109243e+00,1.572721e+00,7.554612e-02,7.554612e-02,1.510923e-01,True,True,False,7.120383e-01,7.120383e-01,1.9073854e-11,False,-,
ss,-40,0.9,0.3,2.109243e+00,1.572721e+00,7.554612e-02,7.554612e-02,1.510923e-01,True,True,False,7.120383e-01,7.120383e-01,1.672662e-11,False,-,
ss,-40,0.9,0.4,2.109243e+00,1.572721e+00,7.554612e-02,7.554612e-02,1.510923e-01,True,True,False,7.120383e-01,7.120383e-01,3.161516e-11,False,-,
