vco_freq(Ghz),vctrl_freq(Ghz),divider out freq (Mhz),division ratio,fs_min(Ghz),fs_max(Ghz)
2.3978021103862996,4.805108633595657,10.000016295152298,239.77982031376098,499.9999998803191,50000.0
