vco_freq(Ghz),vctrl_freq(Ghz),divider out freq (Mhz),division ratio,fs_min(Ghz),fs_max(Ghz)
2.3978780709269105,4.805109576448558,10.000014057319865,239.7874700157745,499.9999998803191,50000.0
