vco_freq(Ghz),vctrl_freq(Ghz),divider out freq (Mhz),division ratio
2.3978715202635708,4.799859043994697,10.000006995931994,239.78698427301356
