vco_freq(Ghz),vctrl_freq(Ghz),divider out freq (Mhz),division ratio
2.274606858066236,0.0,9.474821588084517,240.06856877672178
