vco_freq(Ghz),vctrl_freq(Ghz),divider out freq (Mhz),division ratio
2.2953691832968697,4.7208573945320875,9.74790854959945,235.47299111573923
